id,creation_date,title,url,comment,introducing stage,exposing stage,symptom1,symptom2,root cause,,,,,,,,,,,,,,,,,,,
65160023_1,2020-12-06T01:43:50.000Z,Any Advice on how to make this CNN training faster?,https://stackoverflow.com/questions/65160023,kernal size,build model,training,Time: slow execution time,,Model: improper model parameter,,,,,,,,,,,,,,,,,,,
65160023_2,2020-12-06T01:43:50.000Z,Any Advice on how to make this CNN training faster?,https://stackoverflow.com/questions/65160023,add more conv +pooling layer,build model,training,Time: slow execution time,,Model: inefficient model structure,,,,,,,,,,,,,,,,,,,
64462347_1,2020-10-21T07:11:13.000Z,,https://stackoverflow.com/questions/64462347,second paragraph,env,initialization,Time: slow initialization time,,Library: mismatched library version,,,,,,,,,,,,,,,,,,,
64462347_2,2020-10-21T07:11:13.000Z,,https://stackoverflow.com/questions/64462347,"last paragraph, initialization time",env,initialization,Time: slow initialization time,,Hardware: hardware and library mismatch,,,,,,,,,,,,,,,,,,,
64356769_1,2020-10-14T23:33:36.000Z,Tensorflow2.x custom data generator with multiprocessing,https://stackoverflow.com/questions/64356769,parallel data process,data preparation,data preparation,Processor: abnormal GPU utilization,Memory: memory leak,API: not using efficient API,,,,,,,,,,,,,,,,,,,
64356769_2,2020-10-14T23:33:36.000Z,Tensorflow2.x custom data generator with multiprocessing,https://stackoverflow.com/questions/64356769,prefetch to avoid data transmission between gpu and cpu,data preparation,data preparation,Processor: abnormal GPU utilization,,Data: inefficient data transmission,,,,,,,,,,,,,,,,,,,
64246466,2020-10-07T22:40:20.000Z,How to fill a tensor of values based on tensor of indices in tensorflow?,https://stackoverflow.com/questions/64246466,,unknown,unknown,Time: slow execution time,,API: not using efficient API,,,,,,,,,,,,,,,,,,,
64200782,2020-10-05T07:20:20.000Z,TF object detection: return subset of inference payload,https://stackoverflow.com/questions/64200782,,prediction,prediction,Unkown,,Library: Buggy library version,,,,,,,,,,,,,,,,,,,
64139658,2020-09-30T22:23:36.000Z,Memory leak with Keras Lambda layer,https://stackoverflow.com/questions/64139658,keras.lambda layer为什么会导致内存泄露？,build model,training,Memory: memory leak,,Library: Buggy library version,,,,,,,,,,,,,,,,,,,
63744946,2020-09-05T00:31:41.000Z,Training with GPU very slow,https://stackoverflow.com/questions/63744946,,data preparation,training,Time: slow execution time,,Data: inefficient data transmission,,,,,,,,,,,,,,,,,,,
63641000,2020-08-29T05:21:35.000Z,C# ML.Net Image classification: Does GPU acceleration help improve the performance of predictions and how can I tell if it is?,https://stackoverflow.com/questions/63641000,,env,prediction,Time: slow execution time,,Library: mismatched library version,,,,,,,,,,,,,,,,,,,
63258249,2020-08-05T12:01:41.000Z,How to fix memory leak issue in Keras using K.clear_session()?,https://stackoverflow.com/questions/63258249,,evaluation,evaluation,Memory: memory leak,Memory: out of memory,Library: Buggy library version,,,,,,,,,,,,,,,,,,,
62917349,2020-07-15T22:33:03.000Z,Python Keras code out of memory for no apparent reason,https://stackoverflow.com/questions/62917349,https://github.com/tensorflow/tensorflow/issues/41428,evaluation,evaluation,Memory: memory leak,Time: slow execution time,Library: Buggy library version,,,,,,,,,,,,,,,,,,,
62770704,2020-07-07T16:04:52.000Z,Does the raw Python 'for' loop reduce training performance of TensorFlow,https://stackoverflow.com/questions/62770704,,data preparation,training,Unkown,,Data: inefficient data preprocessing,,,,,,,,,,,,,,,,,,,
62670041,2020-07-01T13:04:38.000Z,batch_size in tf model.fit() vs. batch_size in tf.data.Dataset,https://stackoverflow.com/questions/62670041,OOM->batch读取,training,training,Memory: out of memory,,API: not using batch API,,,,,,,,,,,,,,,,,,,
62538267,2020-06-23T23:23:47.000Z,Is adding values with tf.concat slow in for-loops?,https://stackoverflow.com/questions/62538267,,training,training,Unkown,,API: inefficient API usage,,,,,,,,,,,,,,,,,,,
62399799,2020-06-16T09:58:12.000Z,tf.test.is_gpu_available() is False in subprocess but True in main process,https://stackoverflow.com/questions/62399799,,initialization,evaluation,Memory: abnormal GPU memory usage,,Library: Buggy library version,,,,,,,,,,,,,,,,,,,
62389404,2020-06-15T21:38:14.000Z,Starting training takes a very long time in Tensorflow 2,https://stackoverflow.com/questions/62389404,,training,training,Time: slow initialization time,,Model: confusion with computation model,,,,,,,,,,,,,,,,,,,
62255852,2020-06-08T13:55:40.000Z,python keras: Image reading and loading,https://stackoverflow.com/questions/62255852,,data preparation,data preparation,Time: slow execution time,,Data: improper data input,,,,,,,,,,,,,,,,,,,
62034179,2020-05-27T09:51:37.000Z,Most computational efficient way for list of random numbers in Tensroflow given a list of maxiumum values like in `np.random.randint`,https://stackoverflow.com/questions/62034179,,unknown,unknown,Unkown,,API: not using efficient API,,,,,,,,,,,,,,,,,,,
60886568,2020-03-27T21:00:27.000Z,Google colab not loading image files while using tensorflow 2.0 batched dataset,https://stackoverflow.com/questions/60886568,,data preparation,data preparation,Time: program hang,,Data: inefficient data transmission,,,,,,,,,,,,,,,,,,,
60798910,2020-03-22T19:46:51.000Z,Google colab pro GPU running extremely slow,https://stackoverflow.com/questions/60798910,second answer,data preparation,training,Time: slow execution time,,Data: inefficient data transmission,,,,,,,,,,,,,,,,,,,
60775718,2020-03-20T22:04:03.000Z,TensorFlow Lite model on Coral Dev Board not running on TPU,https://stackoverflow.com/questions/60775718,,env,prediction,Time: slow execution time,,Library: mismatched library version,,,,,,,,,,,,,,,,,,,
60267911,2020-02-18T01:46:20.000Z,Keras inconsistent prediction time,https://stackoverflow.com/questions/60267911,,evaluation,evaluation,Time: slow execution time,Time: increasing time over time,Library: Buggy library version,,,,,,,,,,,,,,,,,,,
59486265,2019-12-26T17:18:13.000Z,Multi GPU training slower than single GPU on Tensorflow,https://stackoverflow.com/questions/59486265,last half of the answer ,training,training,Time: slow execution time,,Model: confusion with computation model,,,,,,,,,,,,,,,,,,,
59456128,2019-12-23T21:24:13.000Z,How to Use GPU RAM in Google Colab efficiently?,https://stackoverflow.com/questions/59456128,,data preparation,data preparation,Memory: out of memory,,API: not using batch API,,,,,,,,,,,,,,,,,,,
59394947_1,2019-12-18T23:12:04.000Z,How to fix &quot;ResourceExhaustedError: OOM when allocating tensor&quot;,https://stackoverflow.com/questions/59394947,,build model,training,Memory: out of memory,,Model: improper hyper parameter,,,,,,,,,,,,,,,,,,,
59394947_2,2019-12-18T23:12:04.000Z,How to fix &quot;ResourceExhaustedError: OOM when allocating tensor&quot;,https://stackoverflow.com/questions/59394947,,build model,training,Memory: out of memory,,Model: inefficient model structure,,,,,,,,,,,,,,,,,,,
59120853,2019-12-01T06:27:10.000Z,Google Colab is so slow while reading images from Google Drive,https://stackoverflow.com/questions/59120853,,data preparation,data preparation,Time: slow execution time,,Data: inefficient data transmission,,,,,,,,,,,,,,,,,,,
58785715,2019-11-10T12:23:54.000Z,Training GAN in keras with .fit_generator(),https://stackoverflow.com/questions/58785715,,data preparation,training,Time: slow execution time,,API: not using efficient API,,,,,,,,,,,,,,,,,,,
58693261,2019-11-04T20:13:46.000Z,Create a RLE (run-lenth encoding) mask with Tensorflow Datasets,https://stackoverflow.com/questions/58693261,,data preparation,data preparation,Time: program hang,,API: not using efficient API,,,,,,,,,,,,,,,,,,,
58150519,2019-09-29T05:40:59.000Z,ResourceExhaustedError: OOM when allocating tensor in Keras,https://stackoverflow.com/questions/58150519,,data preparation,training,Memory: out of memory,,API: inefficient API usage,,,,,,,,,,,,,,,,,,,
58125788_1,2019-09-27T07:06:56.000Z,Keras CNN how can i reduce gpu memory usage with large image sizes?,https://stackoverflow.com/questions/58125788,Dense para num too large,build model,training,Memory: out of memory,,Model: improper model parameter,,,,,,,,,,,,,,,,,,,
58125788_2,2019-09-27T07:06:56.000Z,Keras CNN how can i reduce gpu memory usage with large image sizes?,https://stackoverflow.com/questions/58125788,Channel num too large,build model,training,Memory: out of memory,,Model: improper model parameter,,,,,,,,,,,,,,,,,,,
58014123_1,2019-09-19T23:11:58.000Z,How to improve data input pipeline performance?,https://stackoverflow.com/questions/58014123,,data preparation,data preparation,Time: slow execution time,Processor: abnormal CPU utilization,API: inefficient API usage,,,,,,,,,,,,,,,,,,,
58014123_2,2019-09-19T23:11:58.000Z,How to improve data input pipeline performance?,https://stackoverflow.com/questions/58014123,batch before map,data preparation,data preparation,Time: slow execution time,Processor: abnormal CPU utilization,API: inefficient API usage,,,,,,,,,,,,,,,,,,,
57376654,2019-08-06T20:58:47.000Z,Keras DataGenerator using the keras Sequence,https://stackoverflow.com/questions/57376654,,data preparation,data preparation,Time: slow execution time,,API: inefficient API usage,,,,,,,,,,,,,,,,,,,
56910950,2019-07-06T11:11:41.000Z,Keras predict loop memory leak using tf.data.Dataset but not with a numpy array,https://stackoverflow.com/questions/56910950,,evaluation,evaluation,Time: increasing time over time,Memory: memory leak,Library: Buggy library version,,,,,,,,,,,,,,,,,,,
56795642_1,2019-06-27T16:55:41.000Z,,https://stackoverflow.com/questions/56795642,,data preparation,training,Time: slow execution time,,API: not using batch API,,,,,,,,,,,,,,,,,,,
56795642_2,2019-06-27T16:55:41.000Z,,https://stackoverflow.com/questions/56795642,need analyze the mechenism force assign gpu,training,training,Processor: abnormal GPU utilization,Time: slow execution time,API: inefficient API usage,,,,,,,,,,,,,,,,,,,
56513495,2019-06-09T17:35:27.000Z,Memory leak in Tensorflow.js: How to clean up unused tensors?,https://stackoverflow.com/questions/56513495,,training,training,Unkown,,API: inefficient API usage,,,,,,,,,,,,,,,,,,,
56245926,2019-05-22T04:29:58.000Z,face-api.js - Why is browser's faceapi.detectAllFaces() is faster than server's?,https://stackoverflow.com/questions/56245926,the third answer,prediction,prediction,Time: slow execution time,,Library: mismatched library version,,,,,,,,,,,,,,,,,,,
55929960,2019-05-01T07:38:54.000Z,What is the best way to handle large data with Tensorflow.js and tf.Tensor?,https://stackoverflow.com/questions/55929960,,data preparation,data preparation,Time: slow execution time,,API: inefficient API usage,,,,,,,,,,,,,,,,,,,
55711115,2019-04-16T22:55:32.000Z,Tensorflow 2.0 model using tf.function very slow and is recompiling every time the train count changes. Eager runs about 4x faster,https://stackoverflow.com/questions/55711115,wrap call function with tf.function,training,training,Time: slow execution time,Time: slow initialization time,Model: confusion with computation model,,,,,,,,,,,,,,,,,,,
55598516,2019-04-10T01:51:07.000Z,Tensorflow: Count number of examples in a TFRecord file -- without using deprecated `tf.python_io.tf_record_iterator`,https://stackoverflow.com/questions/55598516,no final answer,data preparation,data preparation,Unkown,,API: not using efficient API,,,,,,,,,,,,,,,,,,,
55478678,2019-04-02T23:41:41.000Z,Why Keras model.fit() is using whole dataset as a batch and runs out of memory?,https://stackoverflow.com/questions/55478678,,data preparation,training,Memory: out of memory,,API: not using batch API,,,,,,,,,,,,,,,,,,,
55213771,2019-03-18T09:52:02.000Z,How to combine multiple tfrecord datasets into one dataset?,https://stackoverflow.com/questions/55213771,,data preparation,training,Processor: abnormal GPU utilization,Time: slow execution time,API: not using efficient API,,,,,,,,,,,,,,,,,,,
54968545,2019-03-03T19:58:37.000Z,Speeding up Tensorflow 2.0 Gradient Tape,https://stackoverflow.com/questions/54968545,,training,training,Time: slow execution time,,Model: confusion with computation model,,,,,,,,,,,,,,,,,,,
54634884,2019-02-12T00:25:27.000Z,Extremely slow training speed with Keras when using steps_per_epoch argument,https://stackoverflow.com/questions/54634884,,data preparation,training,Time: slow execution time,,Model: improper hyper parameter,,,,,,,,,,,,,,,,,,,
54477157,2019-02-01T18:06:44.000Z,Usage of k.clear_session() and tf.reset_default_graph() to clear graph between subsequent models,https://stackoverflow.com/questions/54477157,,env,evaluation,Memory: memory leak,,Library: Buggy library version,,,,,,,,,,,,,,,,,,,
54332316,2019-01-24T01:08:11.000Z,Running multiple tensorflow sessions subsequently,https://stackoverflow.com/questions/54332316,,prediction,prediction,Memory: out of memory,Memory: memory leak,API: inefficient API usage,,,,,,,,,,,,,,,,,,,
54327610,2019-01-23T20:45:57.000Z,Does tensorflow Estimator take different batches for workers when MirroredStrategy is used?,https://stackoverflow.com/questions/54327610,"""I need to specify batch size equal to capacity of one tower, otherwise I get OOM. """,training,training,Memory: out of memory,,Model: improper hyper parameter,,,,,,,,,,,,,,,,,,,
54093424,2019-01-08T21:59:21.000Z,Why is TensorFlow Lite slower than TensorFlow on desktop?,https://stackoverflow.com/questions/54093424,,env,prediction,Time: slow execution time,,Hardware: hardware and library mismatch,,,,,,,,,,,,,,,,,,,
53424152_1,2018-11-22T12:59:09.000Z,How to improve the performance of this data pipeline for my tensorflow model,https://stackoverflow.com/questions/53424152,https://www.tensorflow.org/guide/performance/datasets,data preparation,training,Time: slow execution time,,API: inefficient API usage,,,,,,,,,,,,,,,,,,,
53424152_2,2018-11-22T12:59:09.000Z,How to improve the performance of this data pipeline for my tensorflow model,https://stackoverflow.com/questions/53424152,https://www.tensorflow.org/guide/performance/datasets,data preparation,training,Time: slow execution time,,API: inefficient API usage,,,,,,,,,,,,,,,,,,,
53311962,2018-11-15T11:24:56.000Z,TPU runs as slow as CPU when using keras_to_tpu_model in colab,https://stackoverflow.com/questions/53311962,,training,training,Time: slow execution time,,Hardware: hardware and code mismatch,,,,,,,,,,,,,,,,,,,
52700621,2018-10-08T18:47:51.000Z,Tensorflow server: I don&#39;t want to initialize global variables for every session,https://stackoverflow.com/questions/52700621,,prediction,prediction,Memory: memory leak,,API: inefficient API usage,,,,,,,,,,,,,,,,,,,
51677631,2018-08-04T01:40:41.000Z,Keras/Tensorflow: Get predictions or output of all layers efficiently,https://stackoverflow.com/questions/51677631,,unknown,unknown,Time: slow execution time,Memory: abnormal GPU memory usage,API: inefficient API usage,,,,,,,,,,,,,,,,,,,
51587279,2018-07-30T13:07:25.000Z,Keras not using full CPU cores for training,https://stackoverflow.com/questions/51587279,,data preparation,training,Processor: abnormal CPU utilization,,API: not using batch API,,,,,,,,,,,,,,,,,,,
51320027,2018-07-13T15:40:10.000Z,Keras with tensorflow-gpu totally freezes PC,https://stackoverflow.com/questions/51320027,,env,training,Time: program hang,,Library: mismatched library version,,,,,,,,,,,,,,,,,,,
51118565,2018-07-01T05:17:45.000Z,Tensorflow Dataset API - .from_tensor_slices() / .from_tensor() - cannot create a tensor proto whose content is larger than 2gb,https://stackoverflow.com/questions/51118565,as I am suffering from large idle times when using my GPU as I am passing data from python to Tensorflow using feed_dict.,data preparation,training,Processor: abnormal GPU utilization,,API: not using efficient API,,,,,,,,,,,,,,,,,,,
51109639,2018-06-30T05:29:55.000Z,keras LSTM layer takes too long to train,https://stackoverflow.com/questions/51109639,,build model,training,Time: slow execution time,,Hardware: hardware and code mismatch,,,,,,,,,,,,,,,,,,,
50927298_1,2018-06-19T19:27:26.000Z,Faster K-Means Clustering in TensorFlow,https://stackoverflow.com/questions/50927298,prefetch,data preparation,training,Time: slow execution time,Processor: abnormal GPU utilization,Data: inefficient data transmission,,,,,,,,,,,,,,,,,,,
50927298_2,2018-06-19T19:27:26.000Z,Faster K-Means Clustering in TensorFlow,https://stackoverflow.com/questions/50927298,use map_and_batch,data preparation,training,Time: slow execution time,Processor: abnormal GPU utilization,API: not using efficient API,,,,,,,,,,,,,,,,,,,
50798871,2018-06-11T21:28:11.000Z,How to use another library in the tensorflow graph?,https://stackoverflow.com/questions/50798871,,data preparation,data preparation,Unkown,,API: not using efficient API,,,,,,,,,,,,,,,,,,,
50781373_1,2018-06-10T15:10:03.000Z,Using feed_dict is more than 5x faster than using dataset API?,https://stackoverflow.com/questions/50781373,batch  after map,data preparation,training,Time: slow execution time,,API: inefficient API usage,,,,,,,,,,,,,,,,,,,
50781373_2,2018-06-10T15:10:03.000Z,Using feed_dict is more than 5x faster than using dataset API?,https://stackoverflow.com/questions/50781373,,data preparation,training,Time: slow execution time,,API: inefficient API usage,,,,,,,,,,,,,,,,,,,
50333532,2018-05-14T23:03:43.000Z,Load images and annotations from CSV and use fit_generator with multi-output models,https://stackoverflow.com/questions/50333532,,data preparation,training,Memory: out of memory,,API: not using batch API,,,,,,,,,,,,,,,,,,,
50331201,2018-05-14T21:13:21.000Z,Memory Leak Keras TensorFlow1.8.0,https://stackoverflow.com/questions/50331201,,training,training,Memory: memory leak,,API: inefficient API usage,,,,,,,,,,,,,,,,,,,
50303372,2018-05-12T14:08:11.000Z,Can tensorflow sess.run() really release GIL (global interpreter look) of python?,https://stackoverflow.com/questions/50303372,session.run的方式。Cpu gpu数据放置问题,training,training,Time: slow execution time,,Data: inefficient data transmission,,,,,,,,,,,,,,,,,,,
50282801,2018-05-11T07:17:40.000Z,Speed up predictions for Object Detection,https://stackoverflow.com/questions/50282801,multiple session creation,prediction,prediction,Time: slow execution time,,Model: confusion with computation model,,,,,,,,,,,,,,,,,,,
50111438,2018-05-01T12:43:13.000Z,TensorFlow - validate accuracy with batch data,https://stackoverflow.com/questions/50111438,,evaluation,evaluation,Unkown,,API: not using batch API,,,,,,,,,,,,,,,,,,,
49782579,2018-04-12T02:56:32.000Z,Float16 slower than float32 in keras,https://stackoverflow.com/questions/49782579,,env,training,Time: slow execution time,,Library: Buggy library version,,,,,,,,,,,,,,,,,,,
49270477,2018-03-14T13:45:05.000Z,Tensorflow Dataset .map() API,https://stackoverflow.com/questions/49270477,Dataset.map相当于循环，为其中的每个op都创建一个subgraph。因此不需要再在里面手动定义tf.Graph了,data preparation,data preparation,Unkown,,Model: confusion with computation model,,,,,,,,,,,,,,,,,,,
49163592,2018-03-08T08:38:42.000Z,Keras is not Using Tensorflow GPU,https://stackoverflow.com/questions/49163592,,data preparation,training,Processor: not using GPU,,Data: improper data input,,,,,,,,,,,,,,,,,,,
49081129,2018-03-03T13:49:33.000Z,"Keras multi_gpu_model error: &quot;swig/python detected a memory leak of type &#39;int64_t *&#39;, no destructor found&quot;",https://stackoverflow.com/questions/49081129,,env,training,Memory: memory leak,,Library: Buggy library version,,,,,,,,,,,,,,,,,,,
49053434,2018-03-01T23:45:32.000Z,What can cause the tensorflow import to be so slow?,https://stackoverflow.com/questions/49053434,correct answer in the comment,env,initialization,Time: slow initialization time,,Data: inefficient data transmission,,,,,,,,,,,,,,,,,,,
48910590,2018-02-22T00:16:25.000Z,How to bulk write TFRecords?,https://stackoverflow.com/questions/48910590,,prediction,prediction,Time: slow execution time,,API: not using batch API,,,,,,,,,,,,,,,,,,,
48796619,2018-02-15T05:34:51.000Z,Why is TF Keras inference way slower than Numpy operations?,https://stackoverflow.com/questions/48796619,,data preparation,prediction,Time: slow execution time,,Model: improper hyper parameter,,,,,,,,,,,,,,,,,,,
48672130,2018-02-08T03:49:47.000Z,Saving to hdf5 is very slow (Python freezing),https://stackoverflow.com/questions/48672130,,prediction,prediction,Time: program hang,,API: inefficient API usage,,,,,,,,,,,,,,,,,,,
48351883,2018-01-20T09:54:38.000Z,GPU under utilization using tensorflow dataset,https://stackoverflow.com/questions/48351883,relative post in answer,data preparation,training,Memory: abnormal GPU memory usage,,Data: inefficient data transmission,,,,,,,,,,,,,,,,,,,
48309631,2018-01-18T04:39:21.000Z,TensorFlow - tf.data.Dataset reading large HDF5 files,https://stackoverflow.com/questions/48309631,"second answer, use interleave",data preparation,data preparation,Unkown,,API: not using efficient API,,,,,,,,,,,,,,,,,,,
48068013_1,2018-01-03T05:22:31.000Z,How to speed up batch preparation when using Estimators API combined with tf.data.Dataset,https://stackoverflow.com/questions/48068013,prefetch,data preparation,training,Time: slow execution time,,Data: inefficient data transmission,,,,,,,,,,,,,,,,,,,
48068013_2,2018-01-03T05:22:31.000Z,How to speed up batch preparation when using Estimators API combined with tf.data.Dataset,https://stackoverflow.com/questions/48068013,num_parallel_calls in map,data preparation,training,Time: slow execution time,,API: inefficient API usage,,,,,,,,,,,,,,,,,,,
66441843,2021-03-02T23:03:40.000Z,Keras model.predict() taking unreasonable amount of time,https://stackoverflow.com/questions/66441843,,prediction,prediction,Time: slow execution time,,API: inefficient API usage,,,,,,,,,,,,,,,,,,,
66215162,2021-02-16T04:45:30.000Z,How to get multiprocessing for subtask work with tensorflow-gpu?,https://stackoverflow.com/questions/66215162,,prediction,prediction,Time: slow execution time,,API: inefficient API usage,,,,,,,,,,,,,,,,,,,
65632510,2021-01-09T00:10:27.000Z,Little to No GPU Usage during Custom Object Detection Training After Recent ImageAI Update,https://stackoverflow.com/questions/65632510,,env,training,Time: slow execution time,Memory: abnormal GPU memory usage,Library: mismatched library version,,,,,,,,,,,,,,,,,,,
65101059,2020-12-02T09:43:09.000Z,is this memory leak on iOS / Android,https://stackoverflow.com/questions/65101059,,training,training,Memory: memory leak,,API: inefficient API usage,,,,,,,,,,,,,,,,,,,
65037659,2020-11-27T20:48:59.000Z,How to import image dataset from folder with tensorflowio,https://stackoverflow.com/questions/65037659,,data preparation,data preparation,Time: slow execution time,,API: not using batch API,,,,,,,,,,,,,,,,,,,
64885890,2020-11-18T09:54:00.000Z,Using Numpy/Tensorflow to quickly turning indexes into a mask,https://stackoverflow.com/questions/64885890,,build model,build model,Time: slow execution time,,API: not using efficient API,,,,,,,,,,,,,,,,,,,
64863475,2020-11-17T02:17:17.000Z,Perform tf.signal.fft2d in the middle of the tensor,https://stackoverflow.com/questions/64863475,,unknown,unknown,Unkown,,API: not using efficient API,,,,,,,,,,,,,,,,,,,
64696325,2020-11-05T19:33:14.000Z,OOM in second round of cross-validation,https://stackoverflow.com/questions/64696325,,evaluation,evaluation,Memory: out of memory,,Model: confusion with computation model,,,,,,,,,,,,,,,,,,,
64692942,2020-11-05T15:39:22.000Z,Use TPU in Google Colab,https://stackoverflow.com/questions/64692942,,initialization,training,Time: slow execution time,,Hardware: improper configuration,,,,,,,,,,,,,,,,,,,
64191241,2020-10-04T12:42:29.000Z,"OOM when allocating tensor with shape[3075200,512] and type float on : why?",https://stackoverflow.com/questions/64191241,,build model,training,Memory: out of memory,,Model: inefficient model structure,,,,,,,,,,,,,,,,,,,
64065499,2020-09-25T21:52:44.000Z,Convert range index to coordinates in tensorflow,https://stackoverflow.com/questions/64065499,,unknown,unknown,Unkown,,API: not using efficient API,,,,,,,,,,,,,,,,,,,
63916017,2020-09-16T16:24:27.000Z,Unable to provide effective batch size in tensorflow keras model causing OOM,https://stackoverflow.com/questions/63916017,,data preparation,training,Memory: out of memory,,API: not using batch API,,,,,,,,,,,,,,,,,,,
63875039,2020-09-14T04:01:51.000Z,Tensorflow Probability Sampling Take Long Time,https://stackoverflow.com/questions/63875039,,unknown,unknown,Time: program hang,,API: inefficient API usage,,,,,,,,,,,,,,,,,,,
63838440,2020-09-11T06:26:52.000Z,Select an item from a list of object of any type when using tensorflow 2.x,https://stackoverflow.com/questions/63838440,,unknown,unknown,Unkown,,Model: confusion with computation model,,,,,,,,,,,,,,,,,,,
63826597,2020-09-10T17:18:51.000Z,How can I speed the training up for a model with a custom loss function in Keras?,https://stackoverflow.com/questions/63826597,,training,training,Time: slow execution time,,API: not using efficient API,,,,,,,,,,,,,,,,,,,
63679503,2020-09-01T07:39:11.000Z,Why did it take so long to create endpoint with AWS Sagemaker using Boto3?,https://stackoverflow.com/questions/63679503,,env,initialization,Time: slow initialization time,,Library: Buggy library version,,,,,,,,,,,,,,,,,,,
63602858,2020-08-27T01:30:43.000Z,Tensorflow GPU/CPU Performance Suddenly Input Bound,https://stackoverflow.com/questions/63602858,,env,training,Time: slow execution time,,Hardware: hardware and library mismatch,,,,,,,,,,,,,,,,,,,
63568412,2020-08-25T04:37:27.000Z,RNN on Colab TPU runs at the same speed as local CPU version,https://stackoverflow.com/questions/63568412,,build model,training,Time: slow execution time,,Hardware: hardware and code mismatch,,,,,,,,,,,,,,,,,,,
63537161,2020-08-22T22:17:53.000Z,Using sparse data generator with Keras/Tensorflow,https://stackoverflow.com/questions/63537161,,data preparation,training,Time: slow execution time,,API: not using batch API,,,,,,,,,,,,,,,,,,,
63485453,2020-08-19T18:56:10.000Z,Saving previous values of a Tensorflow.js tensor,https://stackoverflow.com/questions/63485453,,unknown,unknown,Unkown,,API: inefficient API usage,,,,,,,,,,,,,,,,,,,
63105788,2020-07-27T05:17:44.000Z,Get the mask of a given tensor,https://stackoverflow.com/questions/63105788,,unknown,unknown,Unkown,,API: not using efficient API,,,,,,,,,,,,,,,,,,,
63033923,2020-07-22T20:11:54.000Z,GPU memory leakage when I load Keras models multi times,https://stackoverflow.com/questions/63033923,,evaluation,evaluation,Memory: memory leak,Time: slow execution time,Model: confusion with computation model,,,,,,,,,,,,,,,,,,,
63002205,2020-07-21T03:03:24.000Z,Extract image dataset from tensorflow record dataset in batches,https://stackoverflow.com/questions/63002205,,data preparation,data preparation,Unkown,,API: not using efficient API,,,,,,,,,,,,,,,,,,,
62522643_1,2020-06-23T04:05:36.000Z,Applying map on tensorflow Dataset performs very slowly,https://stackoverflow.com/questions/62522643,,data preparation,data preparation,Time: slow execution time,,Data: inefficient data transmission,,,,,,,,,,,,,,,,,,,
62477677,2020-06-20T03:55:01.000Z,How to use TopK operator in vectorized_map in tensorflow,https://stackoverflow.com/questions/62477677,,unknown,unknown,Unkown,,API: not using efficient API,,,,,,,,,,,,,,,,,,,
62454676,2020-06-19T00:21:30.000Z,"model.predict leads to oom issues, but model.fit does not:",https://stackoverflow.com/questions/62454676,,data preparation,evaluation,Memory: out of memory,,Model: improper hyper parameter,,,,,,,,,,,,,,,,,,,
62430366,2020-06-17T21:36:55.000Z,tf_gather_nd and tensor_scatter_nd_update on batches,https://stackoverflow.com/questions/62430366,first question,unknown,unknown,Unkown,,API: not using efficient API,,,,,,,,,,,,,,,,,,,
62402825,2020-06-16T15:09:21.000Z,"How do I read data from large .h5 dataset in batches, preprocess with ImageDataGenerator &amp; model.fit, all
without running out of memory?",https://stackoverflow.com/questions/62402825,,data preparation,data preparation,Memory: out of memory,,API: inefficient API usage,,,,,,,,,,,,,,,,,,,
62261134,2020-06-08T19:33:58.000Z,What&#39;s the best way to access single gradients in a batch in TensorFlow?,https://stackoverflow.com/questions/62261134,,training,training,Unkown,,API: not using batch API,,,,,,,,,,,,,,,,,,,
62161930_1,2020-06-03T05:49:38.000Z,Smaller speedup than expected by precomputing encoded output in full pairwise comparison,https://stackoverflow.com/questions/62161930,,data preparation,evaluation,Time: slow execution time,,API: inefficient API usage,,,,,,,,,,,,,,,,,,,
62161930_2,2020-06-03T05:49:38.000Z,Smaller speedup than expected by precomputing encoded output in full pairwise comparison,https://stackoverflow.com/questions/62161930,,build model,build model,Unkown,,Model: inefficient model structure,,,,,,,,,,,,,,,,,,,
62124961,2020-06-01T10:43:13.000Z,"TensorFlow1.15, multi-GPU-1-machine, how to set batch_size?",https://stackoverflow.com/questions/62124961,,data preparation,training,Memory: out of memory,,Model: improper hyper parameter,,,,,,,,,,,,,,,,,,,
61985531,2020-05-24T19:52:50.000Z,How to fix OOM error from following code?,https://stackoverflow.com/questions/61985531,,build model,training,Memory: out of memory,,Model: improper model parameter,,,,,,,,,,,,,,,,,,,
61889355,2020-05-19T18:57:02.000Z,Global average pooling does not affect training speed,https://stackoverflow.com/questions/61889355,,data preparation,training,Time: slow execution time,,Data: inefficient data transmission,,,,,,,,,,,,,,,,,,,
61800287,2020-05-14T22:45:06.000Z,How do I split a large Dataset in 2 for validation with Tensorflow.js?,https://stackoverflow.com/questions/61800287,,data preparation,data preparation,Unkown,,API: not using efficient API,,,,,,,,,,,,,,,,,,,
61715631,2020-05-11T00:56:33.000Z,memory leak in keras while training a GAN,https://stackoverflow.com/questions/61715631,,env,training,Memory: memory leak,,Library: Buggy library version,,,,,,,,,,,,,,,,,,,
61683637,2020-05-09T00:29:32.000Z,Successfully trained Model.fit but prompted resource error when running model.predict on collab,https://stackoverflow.com/questions/61683637,predict_batch,data preparation,evaluation,Memory: out of memory,,Model: improper hyper parameter,,,,,,,,,,,,,,,,,,,
61596119,2020-05-04T23:43:10.000Z,Fitting multiple Keras models consecutively leads to GPU OOM,https://stackoverflow.com/questions/61596119,,training,training,Memory: out of memory,,API: inefficient API usage,,,,,,,,,,,,,,,,,,,
61516819,2020-04-30T14:00:15.000Z,Speeding up and understanding Python Keras predict method results analysis,https://stackoverflow.com/questions/61516819,,evaluation,evaluation,Time: slow execution time,,API: inefficient API usage,,,,,,,,,,,,,,,,,,,
61330532,2020-04-21T03:31:02.000Z,tensorflow multi diemensional indexing,https://stackoverflow.com/questions/61330532,,unknown,unknown,Unkown,,API: not using efficient API,,,,,,,,,,,,,,,,,,,
61232554,2020-04-15T23:28:29.000Z,Batching in tf.Keras 2.1 -&gt; ValueError: Error when checking input,https://stackoverflow.com/questions/61232554,OOM->batch read data,data preparation,data preparation,Memory: out of memory,,API: not using batch API,,,,,,,,,,,,,,,,,,,
61068208,2020-04-07T04:14:50.000Z,How to avoid excessive memory usage while training multiple models in Tensorflow,https://stackoverflow.com/questions/61068208,,hyper parameter tuning,hyper parameter tuning,Memory: memory leak,Time: program hang,API: inefficient API usage,,,,,,,,,,,,,,,,,,,
60984077,2020-04-02T12:08:08.000Z,"Why am I getting ResourceExhaustedError: OOM when allocating tensor with shape[24,64,1024,1024] when my batch size is
1?",https://stackoverflow.com/questions/60984077,,data preparation,training,Memory: out of memory,,Model: improper hyper parameter,,,,,,,,,,,,,,,,,,,
60942191,2020-03-31T09:45:13.000Z,TensorFlow 2-tf.keras: How to train a tf.keras multi-task network like MTCNN using tf.data API &amp; TFRecords,https://stackoverflow.com/questions/60942191,fourth paragraph in the question,data preparation,data preparation,Unkown,,API: not using efficient API,,,,,,,,,,,,,,,,,,,
60799113,2020-03-22T20:07:08.000Z,Tensorflow - adding Dropout layer increases inference time significantly,https://stackoverflow.com/questions/60799113,,evaluation,evaluation,Time: slow execution time,,Library: Buggy library version,,,,,,,,,,,,,,,,,,,
60772419,2020-03-20T18:31:03.000Z,Is it possible to manually set values of model parameters without extending computational graph in TensorFlow?,https://stackoverflow.com/questions/60772419,,build model,training,Time: increasing time over time,,Model: confusion with computation model,,,,,,,,,,,,,,,,,,,
60754633,2020-03-19T17:53:48.000Z,Why getting values of model parameters and reassigning of new values takes longer and longer in TensorFlow?,https://stackoverflow.com/questions/60754633,,build model,training,Time: increasing time over time,,Model: confusion with computation model,,,,,,,,,,,,,,,,,,,
60655246,2020-03-12T21:34:08.000Z,How to produce all the combinations of the elements of two or more tensors?,https://stackoverflow.com/questions/60655246,,unknown,unknown,Unkown,,API: not using efficient API,,,,,,,,,,,,,,,,,,,
60586279,2020-03-08T17:50:44.000Z,Tensorflow `map_fn` takes long time to execute,https://stackoverflow.com/questions/60586279,,unknown,unknown,Time: slow execution time,,API: not using efficient API,,,,,,,,,,,,,,,,,,,
59395593,2019-12-18T23:47:32.000Z,Nested tf.map_fn with slow performance,https://stackoverflow.com/questions/59395593,,unknown,unknown,Time: slow execution time,,API: not using efficient API,,,,,,,,,,,,,,,,,,,
59165280_1,2019-12-04T05:01:39.000Z,How can I reduce the batch_size and the image_shape in the matterport/Mask_RCNN example?,https://stackoverflow.com/questions/59165280,image_min_dim and image_max_dim,data preparation,training,Memory: out of memory,,Data: improper data input,,,,,,,,,,,,,,,,,,,
59165280_2,2019-12-04T05:01:39.000Z,How can I reduce the batch_size and the image_shape in the matterport/Mask_RCNN example?,https://stackoverflow.com/questions/59165280,"images_per_gpu, image_resize mode",data preparation,training,Memory: out of memory,,Model: improper hyper parameter,,,,,,,,,,,,,,,,,,,
59159740,2019-12-03T22:51:37.000Z,How to avoid recomputation in a loop in Tensorflow,https://stackoverflow.com/questions/59159740,,unknown,unknown,Unkown,,Model: confusion with computation model,,,,,,,,,,,,,,,,,,,
59156396,2019-12-03T19:46:32.000Z,How to load a Pandas DataFrame into TensorFlow for efficient batch training?,https://stackoverflow.com/questions/59156396,,data preparation,data preparation,Unkown,,API: not using efficient API,,,,,,,,,,,,,,,,,,,
59110108,2019-11-30T03:28:40.000Z,GPUs attached to google cloud instance no longer findable,https://stackoverflow.com/questions/59110108,,env,env,Processor: not using GPU,Time: slow execution time,Library: mismatched library version,,,,,,,,,,,,,,,,,,,
59074659,2019-11-28T00:31:37.000Z,Best practice for allocating GPU and CPU resources in TensorFlow,https://stackoverflow.com/questions/59074659,,initialization,training,Memory: out of memory,,Hardware: improper configuration,,,,,,,,,,,,,,,,,,,
59040128,2019-11-26T05:08:49.000Z,How can I make a GPU on Google AI Platform&#39;s BASIC_GPU scale-tier visible to my tensorflow program?,https://stackoverflow.com/questions/59040128,,env,env,Processor: not using GPU,,Library: mismatched library version,,,,,,,,,,,,,,,,,,,
58990676,2019-11-22T16:57:54.000Z,What&#39;s the fastest way to retrieve a value from a tensor in tensorflow?,https://stackoverflow.com/questions/58990676,,unknown,unknown,Time: slow execution time,,API: inefficient API usage,,,,,,,,,,,,,,,,,,,
58957519,2019-11-20T23:07:54.000Z,AsyncResult hangs in unexpected cases in fit_generator of tensorflow&#39;s keras,https://stackoverflow.com/questions/58957519,,data preparation,training,Time: program hang,,Library: Buggy library version,,,,,,,,,,,,,,,,,,,
58915522,2019-11-18T21:20:02.000Z,TF2.0 Memory Leak From Applying Keras Model to Symbolic Tensor,https://stackoverflow.com/questions/58915522,,build model,training,Memory: memory leak,Time: slow execution time,Model: confusion with computation model,,,,,,,,,,,,,,,,,,,
58906142,2019-11-18T07:18:57.000Z,Efficient way to compute pairwise euclidean distances between all vectors in a tensor in TensorFlow,https://stackoverflow.com/questions/58906142,use efficient API,unknown,unknown,Time: slow execution time,,API: not using efficient API,,,,,,,,,,,,,,,,,,,
58793110,2019-11-11T05:31:01.000Z,Vectorizing multiplication of matrices with different shapes in numpy/tensorflow,https://stackoverflow.com/questions/58793110,,unknown,unknown,Unkown,,API: not using efficient API,,,,,,,,,,,,,,,,,,,
58670563,2019-11-02T19:19:26.000Z,Keras fit_generator running very slowly,https://stackoverflow.com/questions/58670563,,env,training,Time: slow execution time,,Hardware: hardware and code mismatch,,,,,,,,,,,,,,,,,,,
58277991,2019-10-08T06:38:18.000Z,Tensorflow 2.0 fit() is not recognizing batch_size,https://stackoverflow.com/questions/58277991,,data preparation,training,Memory: out of memory,,API: not using batch API,,,,,,,,,,,,,,,,,,,
58265297,2019-10-07T15:39:57.000Z,Dealing with Out-Of-Memory issue in Tensorflow,https://stackoverflow.com/questions/58265297,,data preparation,training,Memory: out of memory,,Data: inefficient data preprocessing,,,,,,,,,,,,,,,,,,,
58185660,2019-10-01T21:19:21.000Z,tensorflow select list of indices along dimension,https://stackoverflow.com/questions/58185660,,unknown,unknown,Unkown,,API: not using efficient API,,,,,,,,,,,,,,,,,,,
58065976,2019-09-23T23:47:53.000Z,Unfurling TFRecords growing slower and slower,https://stackoverflow.com/questions/58065976,,data preparation,data preparation,Time: increasing time over time,,Model: confusion with computation model,,,,,,,,,,,,,,,,,,,
57928619,2019-09-14T02:22:55.000Z,Memory leak when running universal-sentence-encoder-large itterating on dataframe,https://stackoverflow.com/questions/57928619,,build model,training,Memory: out of memory,,Model: confusion with computation model,,,,,,,,,,,,,,,,,,,
57853775,2019-09-09T20:10:10.000Z,Why amount of used GPU memory doesn&#39;t increase when increasing batch size in keras?,https://stackoverflow.com/questions/57853775,,data preparation,evaluation,Memory: abnormal GPU memory usage,Time: slow execution time,Model: improper hyper parameter,,,,,,,,,,,,,,,,,,,
57841557,2019-09-08T19:33:40.000Z,Feed tf.estimator.Estimator.predict batch by batch,https://stackoverflow.com/questions/57841557,,data preparation,evaluation,Time: slow execution time,,Model: confusion with computation model,,,,,,,,,,,,,,,,,,,
57672444,2019-08-27T18:13:52.000Z,Calling tf.session.run gets slower,https://stackoverflow.com/questions/57672444,iteratively add graph,data preparation,data preparation,Time: increasing time over time,,Model: confusion with computation model,,,,,,,,,,,,,,,,,,,
57658294,2019-08-26T20:53:55.000Z,Effect of the position of tf.GradientTape() in model training time,https://stackoverflow.com/questions/57658294,second paragraph in the answer,training,training,Time: slow execution time,,Model: confusion with computation model,,,,,,,,,,,,,,,,,,,
57617294,2019-08-23T05:30:37.000Z,tensorflow element-wise multiplication broadcasting?,https://stackoverflow.com/questions/57617294,,unknown,unknown,Unkown,,API: not using efficient API,,,,,,,,,,,,,,,,,,,
57445821,2019-08-11T05:28:51.000Z,How to prevent memory error when running parameter sweep?,https://stackoverflow.com/questions/57445821,,hyper parameter tuning,hyper parameter tuning,Memory: out of memory,,API: inefficient API usage,,,,,,,,,,,,,,,,,,,
57415851,2019-08-08T23:16:48.000Z,Epoch time increases when using for loop in pycham,https://stackoverflow.com/questions/57415851,,hyper parameter tuning,hyper parameter tuning,Time: increasing time over time,,API: inefficient API usage,,,,,,,,,,,,,,,,,,,
57395865,2019-08-07T21:41:53.000Z,What is the best approach to deal with batches within a Lambda layer?,https://stackoverflow.com/questions/57395865,,data preparation,evaluation,Time: slow execution time,,API: inefficient API usage,,,,,,,,,,,,,,,,,,,
57354698,2019-08-05T16:20:41.000Z,Paralleling python &#39;for&#39; loop with &#39;if&#39; statement using tensorFlow,https://stackoverflow.com/questions/57354698,,data preparation,data preparation,Time: slow execution time,,API: not using efficient API,,,,,,,,,,,,,,,,,,,
57328548,2019-08-02T22:31:16.000Z,Running Tensorflow on CPU is faster than running it on GPU,https://stackoverflow.com/questions/57328548,cuDNNLSTM,build model,training,Time: slow execution time,,Hardware: hardware and code mismatch,,,,,,,,,,,,,,,,,,,
57205354,2019-07-25T23:17:09.000Z,Increasing time of session.run() execution in TensorFlow,https://stackoverflow.com/questions/57205354,,data preparation,data preparation,Time: increasing time over time,,Data: inefficient data preprocessing,,,,,,,,,,,,,,,,,,,
57124420,2019-07-20T19:50:37.000Z,Keras takes long time to go to next epoch,https://stackoverflow.com/questions/57124420,,data preparation,training,Time: increasing time over time,,Model: improper hyper parameter,,,,,,,,,,,,,,,,,,,
56999493,2019-07-12T10:29:36.000Z,Tensorflow: GPU Acceleration only happens after first run,https://stackoverflow.com/questions/56999493,,env,training,Time: slow execution time,,Hardware: improper configuration,,,,,,,,,,,,,,,,,,,
56745316,2019-06-25T08:13:36.000Z,Tensorflow slower on GPU than on CPU,https://stackoverflow.com/questions/56745316,cuDNNLSTM,build model,training,Time: slow execution time,,Hardware: hardware and code mismatch,,,,,,,,,,,,,,,,,,,
56627912,2019-06-17T16:53:55.000Z,Variable number of reduce sums in tensorflow,https://stackoverflow.com/questions/56627912,,unknown,unknown,Unkown,,API: not using efficient API,,,,,,,,,,,,,,,,,,,
56554004,2019-06-12T10:46:48.000Z,FP16 not even two times faster than using FP32 in TensorRT,https://stackoverflow.com/questions/56554004,wrong hardware,env,prediction,Time: slow execution time,,Hardware: hardware and code mismatch,,,,,,,,,,,,,,,,,,,
56537058,2019-06-11T13:30:52.000Z,Efficient path update for large tensors,https://stackoverflow.com/questions/56537058,need differentiable computation,unknown,unknown,Time: slow execution time,,API: not using efficient API,,,,,,,,,,,,,,,,,,,
56426476,2019-06-03T19:32:20.000Z,How to fix keras.backend.eval being really slow,https://stackoverflow.com/questions/56426476,,evaluation,evaluation,Time: increasing time over time,Time: slow execution time,Model: confusion with computation model,,,,,,,,,,,,,,,,,,,
56266133,2019-05-23T07:14:07.000Z,Out Of Memory when running multi-gpu cnn with TensorFlow,https://stackoverflow.com/questions/56266133,,data preparation,training,Memory: out of memory,,API: inefficient API usage,,,,,,,,,,,,,,,,,,,
56206571,2019-05-19T17:40:20.000Z,TensorFlow: Efficient way to get the index of the smallest element in a tensor that isn&#39;t zero?,https://stackoverflow.com/questions/56206571,,unknown,unknown,Unkown,,API: not using efficient API,,,,,,,,,,,,,,,,,,,
55960559,2019-05-03T05:35:25.000Z,extract several columns in one op from tf.tensor,https://stackoverflow.com/questions/55960559,,unknown,unknown,Unkown,,API: not using efficient API,,,,,,,,,,,,,,,,,,,
55703097,2019-04-16T15:48:26.000Z,Training while loop in Tensorflow,https://stackoverflow.com/questions/55703097,,unknown,unknown,Unkown,,API: not using efficient API,,,,,,,,,,,,,,,,,,,
55409283_1,2019-03-28T21:54:18.000Z,looping program for MLP Keras prediction,https://stackoverflow.com/questions/55409283,first question,initialization,prediction,Time: slow execution time,,API: inefficient API usage,,,,,,,,,,,,,,,,,,,
55409283_2,2019-03-28T21:54:18.000Z,looping program for MLP Keras prediction,https://stackoverflow.com/questions/55409283,second question,data preparation,prediction,Time: slow execution time,,API: not using batch API,,,,,,,,,,,,,,,,,,,
55299510,2019-03-22T20:22:14.000Z,CPU usage and time until training starts increasing on each model.fit() in Keras,https://stackoverflow.com/questions/55299510,,hyper parameter tuning,hyper parameter tuning,Time: increasing time over time,Processor: abnormal CPU utilization,API: inefficient API usage,,,,,,,,,,,,,,,,,,,
55140866,2019-03-13T19:29:48.000Z,tesla c2075 with tensorflow cuda version installation,https://stackoverflow.com/questions/55140866,,env,training,Time: slow execution time,,Hardware: hardware and library mismatch,,,,,,,,,,,,,,,,,,,
54915054,2019-02-28T05:50:30.000Z,Feed Variables in Tensorflow Efficiently,https://stackoverflow.com/questions/54915054,,data preparation,data preparation,Time: slow execution time,,API: not using efficient API,,,,,,,,,,,,,,,,,,,
54902293,2019-02-27T17:40:45.000Z,Change tf.dataset source at runtime in Tensorflow,https://stackoverflow.com/questions/54902293,,data preparation,data preparation,Unkown,,API: not using efficient API,,,,,,,,,,,,,,,,,,,
54808519,2019-02-21T21:43:37.000Z,Optimize GPU usage of tf.map_fn,https://stackoverflow.com/questions/54808519,,data preparation,data preparation,Time: slow execution time,Processor: abnormal GPU utilization,API: not using efficient API,,,,,,,,,,,,,,,,,,,
54797048,2019-02-21T07:47:36.000Z,More efficient way to do the Mandlebrot example in Tensorflow,https://stackoverflow.com/questions/54797048,,unknown,unknown,Unkown,,API: not using efficient API,,,,,,,,,,,,,,,,,,,
54605121,2019-02-09T17:55:42.000Z,Keras network training speed degradation,https://stackoverflow.com/questions/54605121,,training,training,Time: increasing time over time,,API: inefficient API usage,,,,,,,,,,,,,,,,,,,
54508678,2019-02-04T07:35:42.000Z,Tensorflow efficient Cyclegan history pool,https://stackoverflow.com/questions/54508678,,data preparation,training,Unkown,,API: not using efficient API,,,,,,,,,,,,,,,,,,,
54449159,2019-01-31T04:39:09.000Z,Keras using all GPU memory straight away,https://stackoverflow.com/questions/54449159,,data preparation,training,Memory: out of memory,,API: not using batch API,,,,,,,,,,,,,,,,,,,
54428570,2019-01-30T03:43:29.000Z,Tensorflow: 7x slower in eager mode,https://stackoverflow.com/questions/54428570,,training,training,Time: slow execution time,,Model: confusion with computation model,,,,,,,,,,,,,,,,,,,
54275734,2019-01-20T18:53:36.000Z,How to efficiently train a CNN model having large image dataset,https://stackoverflow.com/questions/54275734,,data preparation,training,Memory: out of memory,,API: not using batch API,,,,,,,,,,,,,,,,,,,
54052953,2019-01-05T22:25:58.000Z,"Do I have to recompile my Gan every batch, to prevent the discriminator from learning?",https://stackoverflow.com/questions/54052953,,build model,build model,Time: slow execution time,,API: inefficient API usage,,,,,,,,,,,,,,,,,,,
53679153,2018-12-08T11:09:28.000Z,Keras giving memory allocation error and running extremely slow,https://stackoverflow.com/questions/53679153,,build model,training,Memory: out of memory,Time: program hang,Model: improper model parameter,,,,,,,,,,,,,,,,,,,
53636759,2018-12-06T00:32:59.000Z,keras: importing load_model takes too long,https://stackoverflow.com/questions/53636759,,data preparation,data preparation,Time: slow execution time,,Data: improper data input,,,,,,,,,,,,,,,,,,,
53497357,2018-11-27T18:14:55.000Z,Tensorflow: Compute inverse counts of labels,https://stackoverflow.com/questions/53497357,,unknown,unknown,Unkown,,API: not using efficient API,,,,,,,,,,,,,,,,,,,
53137115,2018-11-04T09:56:10.000Z,Why does my tensorflow code runs more and more slower as the training goes on?,https://stackoverflow.com/questions/53137115,,build model,training,Time: increasing time over time,,Model: confusion with computation model,,,,,,,,,,,,,,,,,,,
53075203,2018-10-31T09:51:49.000Z,How to do standardization on time series data with Scikit-learn Standard Scaler?,https://stackoverflow.com/questions/53075203,,data preparation,training,Unkown,,API: inefficient API usage,,,,,,,,,,,,,,,,,,,
52985676,2018-10-25T17:16:33.000Z,How to use tf.case efficiently?,https://stackoverflow.com/questions/52985676,,unknown,unknown,Time: slow execution time,,API: not using efficient API,,,,,,,,,,,,,,,,,,,
52876128,2018-10-18T22:18:43.000Z,transfer parameters between models in tensorflow slows down training time,https://stackoverflow.com/questions/52876128,,training,training,Time: slow execution time,,Model: confusion with computation model,,,,,,,,,,,,,,,,,,,
52847959,2018-10-17T13:43:39.000Z,Manual normalization function taking too long to execute,https://stackoverflow.com/questions/52847959,,data preparation,data preparation,Time: slow execution time,,API: inefficient API usage,,,,,,,,,,,,,,,,,,,
52743613,2018-10-10T23:20:51.000Z,Tensorflow data : apply function TO batch,https://stackoverflow.com/questions/52743613,shuffle data替换为shuffle index,data preparation,data preparation,Unkown,,API: inefficient API usage,,,,,,,,,,,,,,,,,,,
52249359,2018-09-10T07:16:02.000Z,append tf.ones and tf.zeros (tensorflow),https://stackoverflow.com/questions/52249359,,unknown,unknown,Time: slow execution time,,API: not using efficient API,,,,,,,,,,,,,,,,,,,
52182910,2018-09-05T18:28:25.000Z,How should one create a dataset using the tensorflow.data.Dataset api from a large set of wav files?,https://stackoverflow.com/questions/52182910,,data preparation,data preparation,Time: slow execution time,,Data: improper data input,,,,,,,,,,,,,,,,,,,
52019226,2018-08-26T00:32:19.000Z,Keras w/ Tensorflow intermediate layer extraction in batches,https://stackoverflow.com/questions/52019226,,data preparation,data preparation,Time: slow execution time,,API: not using batch API,,,,,,,,,,,,,,,,,,,
51998728,2018-08-24T14:33:08.000Z,Tensorflow: Masking an array based on duplicated elements of another array,https://stackoverflow.com/questions/51998728,,unknown,unknown,Unkown,,API: not using efficient API,,,,,,,,,,,,,,,,,,,
51965163,2018-08-22T18:47:59.000Z,accessing conditional indices in tensor in Tensorflow,https://stackoverflow.com/questions/51965163,,unknown,unknown,Time: slow execution time,,API: not using efficient API,,,,,,,,,,,,,,,,,,,
51481469,2018-07-23T22:39:35.000Z,Tensorflow checkpoints are not correctly saved when using gcloud compute unit instead of local,https://stackoverflow.com/questions/51481469,no gpu used,env,training,Processor: not using GPU,,Library: mismatched library version,,,,,,,,,,,,,,,,,,,
51369763,2018-07-17T04:38:22.000Z,How to efficiently read specific lines of a CSV?,https://stackoverflow.com/questions/51369763,,data preparation,data preparation,Time: slow execution time,,API: inefficient API usage,,,,,,,,,,,,,,,,,,,
51228131,2018-07-08T09:17:19.000Z,Model inference running time increases after repeated inferences,https://stackoverflow.com/questions/51228131,recreat tf.graph node in loop,build model,training,Time: increasing time over time,,Model: confusion with computation model,,,,,,,,,,,,,,,,,,,
51097247,2018-06-29T16:15:26.000Z,Tensorflow does not release the memory after session close,https://stackoverflow.com/questions/51097247,,training,training,Memory: out of memory,,API: inefficient API usage,,,,,,,,,,,,,,,,,,,
50742757,2018-06-07T21:39:56.000Z,TensorFlow Object Detection API - Out of Memory,https://stackoverflow.com/questions/50742757,,data preparation,training,Memory: out of memory,,Data: improper data input,,,,,,,,,,,,,,,,,,,
50470596,2018-05-22T22:47:31.000Z,Computation of Euclidean Distance in Tensorflow isn&#39;t running on GPU,https://stackoverflow.com/questions/50470596,tf.reduce_sum添加了调用的第二个参数,data preparation,data preparation,Time: slow execution time,,API: not using efficient API,,,,,,,,,,,,,,,,,,,
50341647,2018-05-15T10:50:59.000Z,Apply tensorflow gradients to specific inputs,https://stackoverflow.com/questions/50341647,,training,training,Time: slow execution time,,API: inefficient API usage,,,,,,,,,,,,,,,,,,,
50229777,2018-05-08T16:58:30.000Z,Efficient multi-feature similarity with each feature in tensorlflow,https://stackoverflow.com/questions/50229777,numeric bug,data preparation,data preparation,Unkown,,API: not using efficient API,,,,,,,,,,,,,,,,,,,
50155848,2018-05-03T21:06:38.000Z,Creating augmented training data by tensorflow rotation,https://stackoverflow.com/questions/50155848,recreate graph,data preparation,data preparation,Time: slow execution time,,Model: confusion with computation model,,,,,,,,,,,,,,,,,,,
49942110,2018-04-20T20:53:13.000Z,tf.reset_default_graph memory leak,https://stackoverflow.com/questions/49942110,,hyper parameter tuning,hyper parameter tuning,Memory: memory leak,,API: inefficient API usage,,,,,,,,,,,,,,,,,,,
49865478,2018-04-17T04:11:49.000Z,Forward propagation slow - Training time normal,https://stackoverflow.com/questions/49865478,recreate graph,evaluation,evaluation,Time: slow execution time,,Model: confusion with computation model,,,,,,,,,,,,,,,,,,,
49837960,2018-04-15T10:31:44.000Z,Reducing input dimensions for a deep learning model,https://stackoverflow.com/questions/49837960,,data preparation,training,Time: slow execution time,,Model: inefficient model structure,,,,,,,,,,,,,,,,,,,
49713848,2018-04-08T10:36:13.000Z,Hyperparameter Optimization in Tensorflow,https://stackoverflow.com/questions/49713848,,hyper parameter tuning,hyper parameter tuning,Memory: out of memory,,Model: improper hyper parameter,,,,,,,,,,,,,,,,,,,
49694836,2018-04-06T22:13:51.000Z,Tensorflow Dataset is 3 Times Slower Than the Queue Pipeline?,https://stackoverflow.com/questions/49694836,,data preparation,data preparation,Time: slow execution time,,API: inefficient API usage,,,,,,,,,,,,,,,,,,,
49560533,2018-03-30T00:04:12.000Z,why op tf.tile() is always running on CPU even if I have set to run on GPU,https://stackoverflow.com/questions/49560533,,env,training,Time: slow execution time,,Library: Buggy library version,,,,,,,,,,,,,,,,,,,
49532371,2018-03-28T18:41:38.000Z,Compute a linear combination of tensors in Tensorflow,https://stackoverflow.com/questions/49532371,,unknown,unknown,Unkown,,API: not using efficient API,,,,,,,,,,,,,,,,,,,
49511529,2018-03-27T19:18:44.000Z,Tensorflow compute multiplication by binary matrix,https://stackoverflow.com/questions/49511529,,unknown,unknown,Time: slow execution time,,API: not using efficient API,,,,,,,,,,,,,,,,,,,
49281664,2018-03-14T23:26:14.000Z,Tensorflow execution time,https://stackoverflow.com/questions/49281664,repeated create graph node,unknown,unknown,Time: increasing time over time,,Model: confusion with computation model,,,,,,,,,,,,,,,,,,,
49241401,2018-03-13T01:41:47.000Z,How to replicate numpy.choose() in tensorflow?,https://stackoverflow.com/questions/49241401,use efficient API,unknown,unknown,Unkown,,API: not using efficient API,,,,,,,,,,,,,,,,,,,
48915279,2018-02-22T04:55:10.000Z,TensorFlow: how to efficiently train a network where each layer needs feeding?,https://stackoverflow.com/questions/48915279,,build model,build model,Unkown,,Model: inefficient model structure,,,,,,,,,,,,,,,,,,,
48906570,2018-02-21T20:59:22.000Z,"Adding an offset to one dimension of a tensor, the offset being the entry of another tensor",https://stackoverflow.com/questions/48906570,,unknown,unknown,Unkown,,API: not using efficient API,,,,,,,,,,,,,,,,,,,
48051647,2018-01-02T01:12:20.000Z,TensorFlow: How to perform image categorisation on multiple images,https://stackoverflow.com/questions/48051647,,training,training,Time: increasing time over time,,Model: confusion with computation model,,,,,,,,,,,,,,,,,,,